{
  "name": "RetroPronghorn Lucky Block",
  "tab_item": {
    "item": "lucky:retropronghorn_lucky_block"
  },
  "items": [
    {
      "item": "lucky:retropronghorn_lucky_block"
    },
	{
      "item": "lucky:retropronghorn_lucky_block",
	   "tag": "{Luck:80}"
    },
	{
      "item": "lucky:retropronghorn_lucky_block",
	   "tag": "{Luck:-80}"
    },
	
	

	{
      "item": "lucky:retropronghorn_lucky_potion"
    },
	{
      "item": "lucky:retropronghorn_lucky_potion",
	   "tag": "{Luck:80}"
    },
	{
      "item": "lucky:retropronghorn_lucky_potion",
	   "tag": "{Luck:-80}"
    },
	{
      "item": "lucky:retropronghorn_lucky_sword"
    },
	{
      "item": "lucky:retropronghorn_lucky_sword",
	   "tag": "{Luck:80}"
    },
	{
      "item": "lucky:retropronghorn_lucky_sword",
	   "tag": "{Luck:-80}"
    },
	{
      "item": "lucky:retropronghorn_lucky_bow"
    },
	{
      "item": "lucky:retropronghorn_lucky_bow",
	   "tag": "{Luck:80}"
    },
	{
      "item": "lucky:retropronghorn_lucky_bow",
	   "tag": "{Luck:-80}"
    },
	{
      "item": "additions:retropronghorn_helmet"
    },
	{
      "item": "additions:retropronghorn_chestplate"
    },
	{
      "item": "additions:retropronghorn_leggings"
    },
	{
      "item": "additions:retropronghorn_boots"
    },
	{
      "item": "additions:retropronghorn_axe"
    },
	{
      "item": "additions:retropronghorn_shovel"
    },
	{
      "item": "additions:retropronghorn_pickaxe"
    },
	{
      "item": "additions:retropronghorn_hoe"
    },
	
	
	
	
	{
      "item": "additions:blue_helmet"
    },
	{
      "item": "additions:blue_chestplate"
    },
	{
      "item": "additions:blue_leggings"
    },
	{
      "item": "additions:blue_boots"
    },
	
	{
      "item": "additions:pink_helmet"
    },
	{
      "item": "additions:pink_chestplate"
    },
	{
      "item": "additions:pink_leggings"
    },
	{
      "item": "additions:pink_boots"
    },
	
	
	
	{
      "item": "additions:emerald_helmet"
    },
	{
      "item": "additions:emerald_chestplate"
    },
	{
      "item": "additions:emerald_leggings"
    },
	{
      "item": "additions:emerald_boots"
    },	
	
	
	

	
	
		{
      "item": "additions:blue_sword"
    },
	{
      "item": "additions:blue_bow"
    },
	{
      "item": "additions:blue_axe"
    },
		{
      "item": "additions:blue_pickaxe"
    },
	{
      "item": "additions:blue_shovel"
    },
		{
      "item": "additions:blue_hoe"
    },

	
	
	

	
	
	{
      "item": "additions:pink_sword"
    },
	{
      "item": "additions:pink_bow"
    },
	{
      "item": "additions:pink_axe"
    },
	{
      "item": "additions:pink_pickaxe"
    },
	{
      "item": "additions:pink_shovel"
    },
	{
      "item": "additions:pink_hoe"
    },

	


	
	{
      "item": "additions:emerald_sword"
    },
	{
      "item": "additions:emerald_bow"
    },
	{
      "item": "additions:emerald_axe"
    },
	{
      "item": "additions:emerald_pickaxe"
    },
	{
      "item": "additions:emerald_shovel"
    },
	{
      "item": "additions:emerald_hoe"
    },
	
	
	
	
	
	
	
	
	
	
	
	
	
	{
      "item": "minecraft:spawn_egg",
      "tag": "{display:{Lore:[\"Bobby Boi!\"],Name:\"Spawn Bob\"},EntityTag:{Tags:[\"Bob\"]}}"
    },
	{
      "item": "minecraft:spawn_egg",
      "tag": "{display:{Lore:[\"Takis Man!\"],Name:\"Spawn Takis Man\"},EntityTag:{Tags:[\"Bob\"]}}"
    },
	{
      "item": "minecraft:spawn_egg",
      "tag": "{display:{Lore:[\"Go tradeing\"],Name:\"Lucky Trader\"},EntityTag:{Tags:[\"Lucky Trader\"]}}"
    }
	
	
	
	
	
	
  ]
}