{
	"credit": "Made with Blockbench",
	"textures": {
		"1": "additions:textures/RetroPronghornFace",
		"2": "additions:textures/RetroPronghornSides",
		"3": "additions:textures/RetroPronghornTOP",
		"4": "additions:textures/RetroPronghornBottom",
		"particle": "additions:textures/RetroPronghornTOP"
	},
	"elements": [
		{
			"name": "Left",
			"from": [15, 0, 1],
			"to": [15, 16, 15],
			"rotation": {"angle": 0, "axis": "y", "origin": [15, 8, -5]},
			"faces": {
				"north": {"uv": [0, 0, 15.999, 15.625], "texture": "#missing"},
				"east": {"uv": [0, 0, 15.999, 15.625], "texture": "#2"},
				"south": {"uv": [0, 0, 15.999, 15.625], "texture": "#missing"},
				"west": {"uv": [0, 0, 15.999, 15.625], "texture": "#missing"},
				"up": {"uv": [0, 0, 15.9985, 15.9985], "texture": "#missing"},
				"down": {"uv": [0, 0, 15.999, 16], "texture": "#missing"}
			}
		},
		{
			"name": "Back",
			"from": [1, 0, 15],
			"to": [15, 16, 15],
			"rotation": {"angle": 0, "axis": "y", "origin": [0, 8, 3]},
			"faces": {
				"north": {"uv": [0, 0, 15.999, 15.625], "texture": "#missing"},
				"east": {"uv": [0, 0, 15.999, 15.625], "texture": "#missing"},
				"south": {"uv": [0, 0, 15.999, 15.625], "texture": "#2"},
				"west": {"uv": [0, 0, 15.999, 15.625], "texture": "#missing"},
				"up": {"uv": [0, 0, 15.9985, 15.9985], "texture": "#missing"},
				"down": {"uv": [0, 0, 15.999, 16], "texture": "#missing"}
			}
		},
		{
			"name": "Front",
			"from": [1, 0, 1],
			"to": [15, 16, 1],
			"rotation": {"angle": 0, "axis": "y", "origin": [0, 8, -11]},
			"faces": {
				"north": {"uv": [0, 0, 15.999, 15.625], "texture": "#1"},
				"east": {"uv": [0, 0, 15.999, 15.625], "texture": "#missing"},
				"south": {"uv": [0, 0, 15.999, 15.625], "texture": "#missing"},
				"west": {"uv": [0, 0, 15.999, 15.625], "texture": "#missing"},
				"up": {"uv": [0, 0, 15.9985, 15.9985], "texture": "#missing"},
				"down": {"uv": [0, 0, 15.999, 16], "texture": "#missing"}
			}
		},
		{
			"name": "Bottom",
			"from": [1, 0, 1],
			"to": [15, 0, 15],
			"rotation": {"angle": 0, "axis": "y", "origin": [0, 8, -4]},
			"faces": {
				"north": {"uv": [0, 0, 15.999, 15.625], "texture": "#missing"},
				"east": {"uv": [0, 0, 15.999, 15.625], "texture": "#missing"},
				"south": {"uv": [0, 0, 15.999, 15.625], "texture": "#missing"},
				"west": {"uv": [0, 0, 15.999, 15.625], "texture": "#missing"},
				"up": {"uv": [0, 0, 15.9985, 15.9985], "texture": "#missing"},
				"down": {"uv": [0, 0, 15.999, 16], "texture": "#4"}
			}
		},
		{
			"name": "Top",
			"from": [1, 16, 1],
			"to": [15, 16, 15],
			"rotation": {"angle": 0, "axis": "y", "origin": [0, 24, -4]},
			"faces": {
				"north": {"uv": [0, 0, 15.999, 15.625], "texture": "#missing"},
				"east": {"uv": [0, 0, 15.999, 15.625], "texture": "#missing"},
				"south": {"uv": [0, 0, 15.999, 15.625], "texture": "#missing"},
				"west": {"uv": [0, 0, 15.999, 15.625], "texture": "#missing"},
				"up": {"uv": [0, 0, 15.9985, 15.9985], "texture": "#3"},
				"down": {"uv": [0, 0, 15.999, 16], "texture": "#missing"}
			}
		},
		{
			"name": "Right",
			"from": [1, 0, 1],
			"to": [1, 16, 15],
			"rotation": {"angle": 0, "axis": "y", "origin": [1, 8, -5]},
			"faces": {
				"north": {"uv": [0, 0, 15.999, 15.625], "texture": "#missing"},
				"east": {"uv": [0, 0, 15.999, 15.625], "texture": "#missing"},
				"south": {"uv": [0, 0, 15.999, 15.625], "texture": "#missing"},
				"west": {"uv": [0, 0, 15.999, 15.625], "texture": "#2"},
				"up": {"uv": [0, 0, 15.9985, 15.9985], "texture": "#missing"},
				"down": {"uv": [0, 0, 15.999, 16], "texture": "#missing"}
			}
		}
	],
	"display": {},
	"groups": [
		{
			"name": "Helmet",
			"origin": [8, 8, 8],
			"children": [0, 1, 2, 3, 4, 5]
		}
	]
}